Productnaam;EAN
geurkaars white jasmine h9 d8;8716522094657,00
geurkaars white jasmine h12 d12;8716522094664,00
geurkaars oudh bergamot h9 d8;8716522094688,00
geurkaars oudh bergamot h12 d12;8716522094695,00
Bellen Goud Aan Touw 4;8716522053128,00
Wijnstopper teckel 11cm;8716522060409,00
Wijnstopper steenbok 16cm;8716522089516,00
wijnkoeler hert champagne goud large 42X48X30cm;8716522092028,00
wijnkoeler hert champagne goud medium 23X24X17cm;8716522092035,00
Wijnstopper rendier zilver 15x8x2cm;8716522103380,00
wijnkoeler op poot champagne goud 31X12X10cm;8716522091854,00
wijnkoeler hert half champagne goud small;8716522092042,00
Champagne Koeler hert hout zilver 29x53x37cm;8716522103472,00
Strik Poef fluweel fuchsia 35x35x40cm;8716522107265,00
Wandkop Schaap off white S;8716522110227,00
Wandkop Alpaca off white M;8716522110289,00
Wandkop Alpaca off white XL;8716522110296,00
Wandkop Koe off white M;8716522110388,00
Linen & More   Keukendoeken   Theedoeken   Dutch Check   Set/3   Blauw/Wit   50x70cm;8717266373091,00
Linen & More - serie Indi - keukenschort - BBQ schort - tuinschort - beige- 100% katoen - one size;8717266342141,00
Dutch Check Schort rood 75x90cm;8717266373107,00
Linen & More - serie Indi - keukenschort - BBQ schort - tuinschort - legergroen - 100% katoen - one size;8717266385209,00
Opblaasbare outdoor pouf – Zitzak – Light Grey - St. Maxime outdoor pouf – 55x25 cm – beschikbaar in verschillende kleuren;8717266349065,00
placemat openhaard hout 30x40cm (4);8716522043631,00
placemat teckel 30x40cm (4);8716522043693,00
Onderzetters Oud Hout (Set van 6);8716522068320,00
Onderzetters - zebra - Mars & More;8716522079661,00
Mars & More Koeienhuid onderzetter- Zebra Print;8716522082197,00
Mars & More Koeienhuid onderzetter luipaard print;8716522082210,00
deurstopper kat 15cm;8716522037388,00
deurstopper konijn 15cm;8716522037395,00
deurstopper hert 21cm;8716522045079,00
deurstopper fluweel petrol 18cm;8716522063592,00
deurstopper katoen donker rood 18cm;8716522087147,00
deurstopper kat staart roze 18x15x17 cm;8716522090802,00
Deurstopper Hond zit ruit 21x16x26 cm;8716522090857,00
Deurstopper Konijn ruit 31x15x23cm;8716522094770,00
deurstopper schaap krulhaar wit 15cm;8716522101140,00
Deurstopper Koe lange benen Greta middel 23cm;8716522109078,00
pannenlap wijn pinot grigio 20x20cm (2);8716522091236,00
pannenlap wijn chardonnay 20x20cm (2);8716522091243,00
Daisy Flowers Pannenlap Onderzetter rond oranje 20cm;8717266051531,00
Daisy Flowers Pannenlap Onderzetter rond roze 20cm;8717266051616,00
Freddie Pannenlap Onderzetter rond roze 20cm;8717266051715,00
Linen & More - Pannenlap - Indi Beige - 20x20cm - 1 stuk;8717266342479,00
Linen & More-  2 stuks Pannenlappen indi grey;8717266342493,00
ovenwant wijn prosecco 17x33cm;8716522089868,00
pannenlap wijn prosecco 20x20cm (2);8716522089875,00
ovenwant wijn pinot grigio 17x33cm (2);8716522091199,00
ovenwant wijn chardonnay 17x33cm (2);8716522091205,00
Daisy Flowers Ovenwant oranje 18x33cm;8717266051548,00
Daisy Flowers dubbel Ovenwant oranje 18x85cm;8717266051555,00
Freddie Ovenwant roze 18x33cm;8717266051722,00
Freddie dubbel Ovenwant roze 18x85cm;8717266051739,00
Linen & More -  Ovenwant Indi Beige;8717266342325,00
Linen & More - Ovenwant 'Indi' (Army Green);8717266385216,00
schoenlepel steenbok 49cm;8716522024258,00
schoenlepel haas 55cm;8716522053517,00
schoenlepel hertenkop 56cm;8716522062007,00
2LIF tuin palletkussen set Lennon - donkergrijs - 120 x 80 cm / 120 x 40 cm - zitkussen en rugkussen;8717266428487,00
2LIF tuin palletkussen set Lennon - lichtgrijs - 120 x 80 cm / 120 x 40 cm - zitkussen en rugkussen;8717266428500,00
2LIF tuin palletkussen set Lennon - groen - 120 x 80 cm / 120 x 40 cm - zitkussen en rugkussen;8717266429392,00
wijnstopper hert champagne goud;8716522091946,00
wijnstopper fazant champagne goud 8,5X8,5X8cm;8716522091953,00
kandelaar rond mango hout 20cm;8716522082005,00
waterhyacinth windlicht rond franjes 27cm;8716522095746,00
rotan windlicht recht dubbel 14cm;8716522095838,00
Waxinelichthouder Veren Groen (12 x 10 cm);8716522074819,00
Mars & More Waxinelichthouder Luipaard/ Panter Zwart-Goud(8 x 7 cm);8716522074857,00
Waxinelichthouder Panter Zwart (12 x 10 cm);8716522074871,00
Theelichthouder toekan rose large 12cm*;8716522074932,00
Waxinelichthouder Slang Goudkleurig;8716522076561,00
Mars & More Waxinelichthouder Blad Zilverkleurig (8 x 7 x 7 cm);8716522078305,00
Theelichthouder herfst bladeren large 18cm;8716522081619,00
*Theelichthouder luipaard stippen goud small 8cm*;8716522081718,00
Theelichthouder - huizen - rood - medium - 12cm - Waxinelicht;8716522106893,00
trofee schedel reebok op hout 20cm;8716522020571,00
staand hart mango hout h27 d12x12cm;8716522075403,00
fotolijst koe bol grijs 15x10cm;8716522075649,00
Theelichthouder jaguar print mat zwart medium 12cm;8716522061406,00
Theelichthouder jaguar print mat zwart large 18cm;8716522061413,00
Theelichthouder hart grijs klein 8cm;8716522084337,00
Theelichthouder hert boom goud medium 12cm;8716522087741,00
Mars & More - Windlicht 'Teckel Silhouette' (Large, 18cm);8716522089660,00
rotan vloerlamp 110cm (incl. elec. snoer);8716522074062,00
deurmat hout chihuahuas 75x50cm;8716522043990,00
kokosmat handgeweven hotel mama 75cm;8716522080452,00
Linen & More - Montreal - Plaid - Gebroken wit - 140x200cm;8714918021768,00
Linen & More - Montreal - Plaid - Beige - 140x200cm;8714918024394,00
plaid hartjes all over beige 130x180cm;8716522080780,00
plaid harbour club grijs 150x200cm;8716522089974,00
plaid teddy krul wit 130x180cm;8716522090109,00
plaid hartjes all over licht grijs 130x180cm;8716522090345,00
plaid teddy bobbel grijs 130x170cm;8716522090628,00
Marmaris Zwart Plaid | 130 X 170 | Plaid Voor Woonkamer Of Slaapkamer;8717266385650,00
canvas kussen britse korthaar 50x50cm*;8716522022032,00
Fluwelen Kussen met Panter in de Jungle;8716522069075,00
Sierkussen - Linnen Look Garden Vlinders - Multicolor - 45 Cm X 45 Cm;8716522075229,00
Sierkussen - Fluweel Flamboyant Strelitzia - Multicolor - 45 Cm X 45 Cm;8716522078886,00
Sierkussen Koeienhuid Gekleurd Leder / Bont 45x45x15cm | Mars & More;8716522082401,00
Kussen fluweel grijs olifant 45x45cm;8716522082685,00
kussen wit met jute bies 45x45cm*;8716522084870,00
Kussen Shiny Corduroy T Urquoise | 30 X 50 | Sierkussen Voor Woonkamer Of Slaapkamer;8716536233226,00
Yara kussen multicolor 30x50cm;8717266035685,00
Vintage Flower Forest Groen Kussen | 35 X 50 | Sierkussen Voor Woonkamer Of Slaapkamer;8717266310829,00
B Living - kussen schaapjes - wol - grijs - 40x60 cm;8721233014016,00
schapenvacht ijsland geschoren grijs 100-110cm;8716522045697,00
vacht lam slavic wit 60-70cm;8716522067996,00
2LIF Madrid Transparant Vliegengordijn deur - 93 x 230 cm;8014772136500,00
2LIF Malta Meerkleurig Vliegengordijn deur - 93 x 230 cm;8717266191084,00
2.Lif Vliegengordijn Malta - Hordeuren - 93x230 cm Zwart;8717266191107,00
2LIF Alcampo Zwart Vliegengordijn deur - 90 x 230 cm;8717266191121,00
2LIF Madrid Zwart Vliegengordijn deur - 90 x 230 cm;8717266342615,00
2Lif Vliegengordijn Dominica Beads Zwart 90*210 cm;8717266396977,00
2Lif kattenstaart Vliegengordijn groen 90x210cm;8717266432767,00
Sun-arts Vliegengordijn Verspringt Hulzen 232 X 100 Cm Pvc Zwart;8717774820230,00
Sun-arts Vliegengordijn Rits Hulzen 232 X 100 Cm Pvc Bruin/crème;8717774820674,00
Mars & More Kapstok hanger hoefijzer;8716522021073,00
gobelin kussen alps exquisite 45x45cm;8716522020038,00
gobelin kussen alpine lodge 45x45cm;8716522020045,00
half kussen fluweel goud 35x45cm;8716522058116,00
kussen fluweel beige 45x45cm;8716522058147,00
kussen fluweel exotisch toekan 45x45cm;8716522069167,00
half kussen fluweel pom pom taupe 35x45cm;8716522069402,00
kussen fluweel charming 2 ara's 45x45cm*;8716522074635,00
half kussen fluweel winter dennentakken 30x50cm*;8716522079012,00
handgemaakt kussen fleury bambi sprookjes 45x45cm;8716522094596,00
flessenopener hert champagne goud h13 x 3 x 5,5 cm;8716522091939,00
Banner Vence 2 pieces A + B Banner 75x100 cm 2 stuks;8717266095016,00
Theelichthouder - huizen - rood - groot 18cm - Mars&More - Windlicht- Waxinelicht;8716522106909,00
Mars & More Theelichthouder - Sandy - bloemen - roze - medium - 12cm - Windlicht - Waxinelicht;8716522107104,00
Decoratie plakfolie Zilver grijs mat 45 cm x 2 meter zelfklevend - Decoratiefolie - Meubelfolie;3700837155221,00
Decoratie plakfolie meubelfolie Oceaanblauw mat 45 cm x 2 meter zelfklevend - Decoratiefolie - Plakplastic;3700837155566,00
Decoratie plakfolie meubelfolie Advocadogroen mat 45 cm x 2 meter zelfklevend - Decoratiefolie - Plakplastic;3700837155580,00
Decoratie plakfolie meubelfolie Huisplant 45 cm x 2 meter zelfklevend - Decoratiefolie - Plakplastic - Raamfolie - House plants;3700837157874,00
Decoratie plakfolie meubelfolie Tiffany blauw 45 cm x 2 meter zelfklevend - Decoratiefolie - Plakplastic - Blauw;3700837158086,00
Decoratie plakfolie meubelfolie Tiffany antraciet 45 cm x 2 meter zelfklevend - Decoratiefolie - Plakplastic - Antraciet;3700837158109,00
Decoratie plakfolie meubelfolie Listras metallic Concrete 45 cm x 2 meter zelfklevend - Decoratiefolie - Plakplastic;3700837161949,00
Decoratie plakfolie Sand 45 cm x 2 meter zelfklevend - Glasfolie anit inkijk folie - Decoratiefolie - Transparant - anti inkijk - raamfolie;3700837162458,00
Ice flowers transparente zelfklevende folie 45cmx2mtr;3700837162595,00
Decoratie plakfolie meubelfolie ribwand 45 cm x 2 meter zelfklevend - Decoratiefolie - Plakplastic - Raamfolie - Decowall latten;3700837165183,00
Decoratie plakfolie meubelfolie Balea silver 45cm x 1,5m zelfklevend - Decoratiefolie - Plakplastic - Raamfolie - zilverblauw;3700837165299,00
Abbey Statische raamfolie Mini rol transparant 67,5cmx1,5mtr - Glas in lood look - Electrostatisch;8717266334818,00
Decoratie plakfolie meubelfolie Classic Ornament zwart 45 cm x 2 meter zelfklevend - Decoratiefolie - Plakplastic;8718483101085,00
Decoratie plakfolie meubelfolie grijs marmer carrara 45 cm x 2 meter zelfklevend - Decoratiefolie - Plakplastic - Raamfolie;8718483101283,00
Decoratie plakfolie meubelfolie mahonie hout prisma goud goudkrul 45 cm x 2 meter zelfklevend - Decoratiefolie - Plakplastic - Raamfolie;8718483102303,00
Decoratie plakfolie meubelfolie Boat deck wood 45cm x 2m zelfklevend - Decoratiefolie - Plakplastic - Raamfolie - Bootdek hout;8718483102327,00
Decoratie raamfolie Girona glas in lood transparant 45m x 2 meter zelfklevend - Decoratiefolie - Plakplastic - Plakfolie;8718483102938,00
Decoratie plakfolie Vitrodecor cirkels 67.5 cm x 2 meter zelfklevend - Decoratiefolie - Transparant - anti inkijk - raamfolie;8718483110780,00
Plakfolie - Kleeffolie - Kleefplastiek - Plakplastiek - Plakplastic - 45 cm x 200 cm - Wit Hout;8718483112128,00
Decoratie plakfolie Squares 67.5 cm x 2 meter zelfklevend - Decoratiefolie - Transparant - anti inkijk - raamfolie;8718483114122,00
Decoratie plakfolie meubelfolie Retro blauw bloemen Leah 45 cm x 2 meter zelfklevend - Decoratiefolie - Plakplastic - Raamfolie;8718483114900,00
Decoratie plakfolie meubelfolie Oriental Blossom zwart 45 cm x 2 meter zelfklevend - Decoratiefolie - Plakplastic;8718483117642,00
2LIF Decoratie raamfolie tulips glas in lood transparant 45cm x 2 meter zelfklevend - Decoratiefolie - Plakplastic - Plakfolie - gebloemd - tulpen;8718483117949,00
2Lif Decoratie raamfolie Nizza gebloemd glas in lood transparant 45m x 2 meter zelfklevend - Decoratiefolie - Plakplastic - Plakfolie;8718483118243,00
Plakfolie - Kleeffolie - Fantasie - City Taxi - 45cmx2m;8718483119172,00
Decoratie Snake black plakfolie 45 cm x 2 meter zelfklevend - Decoratiefolie - Plakplastic - meubelfolie - Slang zwart;8718483126170,00
2LIF Decoratie meubelfolie Dunya groen 45cm x 2 meter zelfklevend - Decoratiefolie - Plakplastic - Plakfolie - raamfolie;8718483140343,00
2LIF Decoratie meubelfolie Dunya 45cm x 2 meter zelfklevend - Decoratiefolie - Plakplastic - Plakfolie - raamfolie;8718483140367,00
1x Kleeffolie velours zwart | 45x100cm | Plakfolie | Kleefplastiek | Plakplastiek | Velvet | Fluweel;8718483100101,00
Decoratie plakfolie blauw met sterren 45 cm x 2 meter zelfklevend - Jongenskamer decoratie - Decoratiefolie - Meubelfolie;8718483134175,00
Linen&More Gebreide Rudolf windstopper beige 30x88cm;8717266432156,00
Bloempot Gras (15 cm);8716522065770,00
Hersteld na koopblok-verlies 8716522058116;8716522058116